﻿<WindowsRE version="">
<WinreBCD id="{}"/>
<WinreLocation path="" id="" offset="" guid="{}"/>
<ImageLocation path="" id="" offset="" guid="{}"/>
<PBRImageLocation path="" id="" offset="" guid="{}" index=""/>
<PBRCustomImageLocation path="" id="" offset="" guid="{}" index=""/>
<InstallState state=""/>
<OsInstallAvailable state=""/>
<CustomImageAvailable state=""/>
<IsAutoRepairOn state=""/>
<WinREStaged state=""/>
<OperationParam path=""/>
<OperationPermanent state=""/>
<OsBuildVersion path=""/>
<OemTool state=""/>
<IsServer state=""/>
<DownlevelWinreLocation path="" id="" offset="" guid="{}"/>
<IsWimBoot state=""/>
<NarratorScheduled state=""/>
<ScheduledOperation state=""/>
</WindowsRE>